-- phpMyAdmin SQL Dump
-- version 5.2.1
-- https://www.phpmyadmin.net/
--
-- Hôte : localhost:3306
-- Généré le : mar. 24 fév. 2026 à 10:50
-- Version du serveur : 5.7.33
-- Version de PHP : 8.2.6

SET SQL_MODE = "NO_AUTO_VALUE_ON_ZERO";
START TRANSACTION;
SET time_zone = "+00:00";


/*!40101 SET @OLD_CHARACTER_SET_CLIENT=@@CHARACTER_SET_CLIENT */;
/*!40101 SET @OLD_CHARACTER_SET_RESULTS=@@CHARACTER_SET_RESULTS */;
/*!40101 SET @OLD_COLLATION_CONNECTION=@@COLLATION_CONNECTION */;
/*!40101 SET NAMES utf8mb4 */;

--
-- Base de données : `campus_it`
--

--
-- Déchargement des données de la table `application`
--

INSERT INTO `application` (`app_id`, `nom`) VALUES
(7, 'Emplois du Temps'),
(2, 'Gestion Absences'),
(4, 'Helpdesk'),
(3, 'Intranet'),
(6, 'Messagerie'),
(5, 'Parc Informatique'),
(1, 'Portail Étudiant'),
(8, 'Wiki');

--
-- Déchargement des données de la table `consommation`
--

INSERT INTO `consommation` (`conso_id`, `app_id`, `res_id`, `mois`, `volume`) VALUES
(1, 1, 1, '2025-01-01', 131.05),
(2, 1, 2, '2025-01-01', 11.22),
(3, 1, 3, '2025-01-01', 159.50),
(4, 2, 1, '2025-01-01', 81.11),
(5, 2, 2, '2025-01-01', 7.44),
(6, 2, 3, '2025-01-01', 69.31),
(7, 3, 1, '2025-01-01', 72.70),
(8, 3, 2, '2025-01-01', 6.57),
(9, 3, 3, '2025-01-01', 93.68),
(10, 4, 1, '2025-01-01', 42.12),
(11, 4, 2, '2025-01-01', 13.49),
(12, 4, 3, '2025-01-01', 58.71),
(13, 5, 1, '2025-01-01', 117.99),
(14, 5, 2, '2025-01-01', 9.37),
(15, 5, 3, '2025-01-01', 70.04),
(16, 1, 1, '2025-02-01', 136.41),
(17, 1, 2, '2025-02-01', 11.98),
(18, 1, 3, '2025-02-01', 160.48),
(19, 2, 1, '2025-02-01', 85.19),
(20, 2, 2, '2025-02-01', 8.63),
(21, 2, 3, '2025-02-01', 72.70),
(22, 3, 1, '2025-02-01', 80.10),
(23, 3, 2, '2025-02-01', 7.48),
(24, 3, 3, '2025-02-01', 105.42),
(25, 4, 1, '2025-02-01', 46.19),
(26, 4, 2, '2025-02-01', 14.41),
(27, 4, 3, '2025-02-01', 58.40),
(28, 5, 1, '2025-02-01', 131.83),
(29, 5, 2, '2025-02-01', 10.05),
(30, 5, 3, '2025-02-01', 75.77),
(31, 1, 1, '2025-03-01', 131.01),
(32, 1, 2, '2025-03-01', 12.33),
(33, 1, 3, '2025-03-01', 173.81),
(34, 2, 1, '2025-03-01', 89.97),
(35, 2, 2, '2025-03-01', 9.22),
(36, 2, 3, '2025-03-01', 69.71),
(37, 3, 1, '2025-03-01', 75.23),
(38, 3, 2, '2025-03-01', 7.88),
(39, 3, 3, '2025-03-01', 103.55),
(40, 4, 1, '2025-03-01', 50.72),
(41, 4, 2, '2025-03-01', 13.67),
(42, 4, 3, '2025-03-01', 58.87),
(43, 5, 1, '2025-03-01', 140.44),
(44, 5, 2, '2025-03-01', 10.72),
(45, 5, 3, '2025-03-01', 83.03),
(46, 1, 1, '2025-04-01', 146.80),
(47, 1, 2, '2025-04-01', 12.10),
(48, 1, 3, '2025-04-01', 178.18),
(49, 2, 1, '2025-04-01', 93.78),
(50, 2, 2, '2025-04-01', 9.03),
(51, 2, 3, '2025-04-01', 74.37),
(52, 3, 1, '2025-04-01', 82.21),
(53, 3, 2, '2025-04-01', 7.46),
(54, 3, 3, '2025-04-01', 104.19),
(55, 4, 1, '2025-04-01', 49.73),
(56, 4, 2, '2025-04-01', 13.50),
(57, 4, 3, '2025-04-01', 58.10),
(58, 5, 1, '2025-04-01', 133.03),
(59, 5, 2, '2025-04-01', 10.69),
(60, 5, 3, '2025-04-01', 82.41),
(61, 1, 1, '2025-05-01', 146.42),
(62, 1, 2, '2025-05-01', 11.73),
(63, 1, 3, '2025-05-01', 170.54),
(64, 2, 1, '2025-05-01', 95.37),
(65, 2, 2, '2025-05-01', 8.37),
(66, 2, 3, '2025-05-01', 70.05),
(67, 3, 1, '2025-05-01', 81.79),
(68, 3, 2, '2025-05-01', 7.84),
(69, 3, 3, '2025-05-01', 109.12),
(70, 4, 1, '2025-05-01', 49.80),
(71, 4, 2, '2025-05-01', 14.45),
(72, 4, 3, '2025-05-01', 60.55),
(73, 5, 1, '2025-05-01', 135.33),
(74, 5, 2, '2025-05-01', 10.76),
(75, 5, 3, '2025-05-01', 79.61),
(76, 1, 1, '2025-06-01', 148.72),
(77, 1, 2, '2025-06-01', 12.44),
(78, 1, 3, '2025-06-01', 182.68),
(79, 2, 1, '2025-06-01', 98.58),
(80, 2, 2, '2025-06-01', 8.67),
(81, 2, 3, '2025-06-01', 70.42),
(82, 3, 1, '2025-06-01', 77.30),
(83, 3, 2, '2025-06-01', 7.85),
(84, 3, 3, '2025-06-01', 108.45),
(85, 4, 1, '2025-06-01', 52.74),
(86, 4, 2, '2025-06-01', 14.19),
(87, 4, 3, '2025-06-01', 57.90),
(88, 5, 1, '2025-06-01', 142.89),
(89, 5, 2, '2025-06-01', 10.82),
(90, 5, 3, '2025-06-01', 80.51),
(91, 6, 1, '2025-01-01', 105.20),
(92, 6, 2, '2025-01-01', 9.50),
(93, 6, 3, '2025-01-01', 88.40),
(94, 7, 1, '2025-01-01', 38.20),
(95, 7, 2, '2025-01-01', 4.80),
(96, 7, 3, '2025-01-01', 45.60),
(97, 8, 1, '2025-01-01', 58.30),
(98, 8, 2, '2025-01-01', 5.70),
(99, 8, 3, '2025-01-01', 65.20),
(100, 6, 1, '2025-02-01', 110.70),
(101, 6, 2, '2025-02-01', 10.20),
(102, 6, 3, '2025-02-01', 92.15),
(103, 7, 1, '2025-02-01', 40.10),
(104, 7, 2, '2025-02-01', 5.10),
(105, 7, 3, '2025-02-01', 47.30),
(106, 8, 1, '2025-02-01', 62.10),
(107, 8, 2, '2025-02-01', 5.90),
(108, 8, 3, '2025-02-01', 68.45),
(109, 6, 1, '2025-03-01', 115.40),
(110, 6, 2, '2025-03-01', 10.85),
(111, 6, 3, '2025-03-01', 95.30),
(112, 7, 1, '2025-03-01', 41.50),
(113, 7, 2, '2025-03-01', 5.40),
(114, 7, 3, '2025-03-01', 48.90),
(115, 8, 1, '2025-03-01', 66.80),
(116, 8, 2, '2025-03-01', 6.20),
(117, 8, 3, '2025-03-01', 72.30),
(118, 6, 1, '2025-04-01', 118.90),
(119, 6, 2, '2025-04-01', 10.60),
(120, 6, 3, '2025-04-01', 98.77),
(121, 7, 1, '2025-04-01', 39.80),
(122, 7, 2, '2025-04-01', 4.95),
(123, 7, 3, '2025-04-01', 46.55),
(124, 8, 1, '2025-04-01', 70.40),
(125, 8, 2, '2025-04-01', 6.45),
(126, 8, 3, '2025-04-01', 75.80),
(127, 6, 1, '2025-05-01', 122.30),
(128, 6, 2, '2025-05-01', 11.10),
(129, 6, 3, '2025-05-01', 101.44),
(130, 7, 1, '2025-05-01', 42.30),
(131, 7, 2, '2025-05-01', 5.20),
(132, 7, 3, '2025-05-01', 49.10),
(133, 8, 1, '2025-05-01', 74.20),
(134, 8, 2, '2025-05-01', 6.70),
(135, 8, 3, '2025-05-01', 79.15),
(136, 6, 1, '2025-06-01', 125.80),
(137, 6, 2, '2025-06-01', 11.75),
(138, 6, 3, '2025-06-01', 104.22),
(139, 7, 1, '2025-06-01', 35.70),
(140, 7, 2, '2025-06-01', 4.40),
(141, 7, 3, '2025-06-01', 40.25),
(142, 8, 1, '2025-06-01', 77.90),
(143, 8, 2, '2025-06-01', 6.95),
(144, 8, 3, '2025-06-01', 82.40),
(145, 1, 1, '2025-07-01', 140.50),
(146, 1, 2, '2025-07-01', 11.20),
(147, 1, 3, '2025-07-01', 168.30),
(148, 2, 1, '2025-07-01', 92.40),
(149, 2, 2, '2025-07-01', 8.20),
(150, 2, 3, '2025-07-01', 67.80),
(151, 3, 1, '2025-07-01', 73.80),
(152, 3, 2, '2025-07-01', 7.30),
(153, 3, 3, '2025-07-01', 102.40),
(154, 4, 1, '2025-07-01', 50.30),
(155, 4, 2, '2025-07-01', 13.80),
(156, 4, 3, '2025-07-01', 55.40),
(157, 5, 1, '2025-07-01', 138.60),
(158, 5, 2, '2025-07-01', 10.25),
(159, 5, 3, '2025-07-01', 77.40),
(160, 6, 1, '2025-07-01', 118.50),
(161, 6, 2, '2025-07-01', 10.90),
(162, 6, 3, '2025-07-01', 97.33),
(163, 7, 1, '2025-07-01', 28.90),
(164, 7, 2, '2025-07-01', 3.80),
(165, 7, 3, '2025-07-01', 33.40),
(166, 8, 1, '2025-07-01', 75.30),
(167, 8, 2, '2025-07-01', 6.60),
(168, 8, 3, '2025-07-01', 79.55),
(169, 1, 1, '2025-08-01', 125.80),
(170, 1, 2, '2025-08-01', 10.30),
(171, 1, 3, '2025-08-01', 155.40),
(172, 2, 1, '2025-08-01', 85.70),
(173, 2, 2, '2025-08-01', 7.60),
(174, 2, 3, '2025-08-01', 62.30),
(175, 3, 1, '2025-08-01', 68.20),
(176, 3, 2, '2025-08-01', 6.80),
(177, 3, 3, '2025-08-01', 95.30),
(178, 4, 1, '2025-08-01', 47.60),
(179, 4, 2, '2025-08-01', 12.90),
(180, 4, 3, '2025-08-01', 52.20),
(181, 5, 1, '2025-08-01', 128.90),
(182, 5, 2, '2025-08-01', 9.80),
(183, 5, 3, '2025-08-01', 72.60),
(184, 6, 1, '2025-08-01', 108.20),
(185, 6, 2, '2025-08-01', 9.80),
(186, 6, 3, '2025-08-01', 89.55),
(187, 7, 1, '2025-08-01', 25.50),
(188, 7, 2, '2025-08-01', 3.50),
(189, 7, 3, '2025-08-01', 30.20),
(190, 8, 1, '2025-08-01', 71.80),
(191, 8, 2, '2025-08-01', 6.30),
(192, 8, 3, '2025-08-01', 76.20),
(193, 1, 1, '2025-09-01', 158.90),
(194, 1, 2, '2025-09-01', 13.10),
(195, 1, 3, '2025-09-01', 188.60),
(196, 2, 1, '2025-09-01', 102.30),
(197, 2, 2, '2025-09-01', 9.50),
(198, 2, 3, '2025-09-01', 78.45),
(199, 3, 1, '2025-09-01', 88.50),
(200, 3, 2, '2025-09-01', 8.30),
(201, 3, 3, '2025-09-01', 115.80),
(202, 4, 1, '2025-09-01', 55.80),
(203, 4, 2, '2025-09-01', 15.20),
(204, 4, 3, '2025-09-01', 61.30),
(205, 5, 1, '2025-09-01', 149.80),
(206, 5, 2, '2025-09-01', 11.40),
(207, 5, 3, '2025-09-01', 86.70),
(208, 6, 1, '2025-09-01', 132.40),
(209, 6, 2, '2025-09-01', 12.30),
(210, 6, 3, '2025-09-01', 110.67),
(211, 7, 1, '2025-09-01', 44.80),
(212, 7, 2, '2025-09-01', 5.70),
(213, 7, 3, '2025-09-01', 51.95),
(214, 8, 1, '2025-09-01', 83.40),
(215, 8, 2, '2025-09-01', 7.30),
(216, 8, 3, '2025-09-01', 88.60),
(217, 1, 1, '2025-10-01', 162.40),
(218, 1, 2, '2025-10-01', 13.50),
(219, 1, 3, '2025-10-01', 192.30),
(220, 2, 1, '2025-10-01', 108.60),
(221, 2, 2, '2025-10-01', 9.90),
(222, 2, 3, '2025-10-01', 82.70),
(223, 3, 1, '2025-10-01', 91.20),
(224, 3, 2, '2025-10-01', 8.65),
(225, 3, 3, '2025-10-01', 118.40),
(226, 4, 1, '2025-10-01', 58.40),
(227, 4, 2, '2025-10-01', 15.80),
(228, 4, 3, '2025-10-01', 63.70),
(229, 5, 1, '2025-10-01', 155.20),
(230, 5, 2, '2025-10-01', 11.90),
(231, 5, 3, '2025-10-01', 90.30),
(232, 6, 1, '2025-10-01', 138.75),
(233, 6, 2, '2025-10-01', 12.90),
(234, 6, 3, '2025-10-01', 115.82),
(235, 7, 1, '2025-10-01', 46.30),
(236, 7, 2, '2025-10-01', 5.90),
(237, 7, 3, '2025-10-01', 53.40),
(238, 8, 1, '2025-10-01', 88.20),
(239, 8, 2, '2025-10-01', 7.70),
(240, 8, 3, '2025-10-01', 93.45),
(241, 1, 1, '2025-11-01', 166.80),
(242, 1, 2, '2025-11-01', 13.90),
(243, 1, 3, '2025-11-01', 196.75),
(244, 2, 1, '2025-11-01', 112.40),
(245, 2, 2, '2025-11-01', 10.30),
(246, 2, 3, '2025-11-01', 85.90),
(247, 3, 1, '2025-11-01', 94.70),
(248, 3, 2, '2025-11-01', 9.00),
(249, 3, 3, '2025-11-01', 121.90),
(250, 4, 1, '2025-11-01', 60.90),
(251, 4, 2, '2025-11-01', 16.30),
(252, 4, 3, '2025-11-01', 66.20),
(253, 5, 1, '2025-11-01', 160.70),
(254, 5, 2, '2025-11-01', 12.40),
(255, 5, 3, '2025-11-01', 93.80),
(256, 6, 1, '2025-11-01', 145.20),
(257, 6, 2, '2025-11-01', 13.45),
(258, 6, 3, '2025-11-01', 120.44),
(259, 7, 1, '2025-11-01', 47.10),
(260, 7, 2, '2025-11-01', 6.05),
(261, 7, 3, '2025-11-01', 54.20),
(262, 8, 1, '2025-11-01', 93.50),
(263, 8, 2, '2025-11-01', 8.10),
(264, 8, 3, '2025-11-01', 98.30),
(265, 1, 1, '2025-12-01', 155.20),
(266, 1, 2, '2025-12-01', 12.95),
(267, 1, 3, '2025-12-01', 184.20),
(268, 2, 1, '2025-12-01', 105.80),
(269, 2, 2, '2025-12-01', 9.70),
(270, 2, 3, '2025-12-01', 80.40),
(271, 3, 1, '2025-12-01', 87.30),
(272, 3, 2, '2025-12-01', 8.40),
(273, 3, 3, '2025-12-01', 112.60),
(274, 4, 1, '2025-12-01', 56.70),
(275, 4, 2, '2025-12-01', 15.50),
(276, 4, 3, '2025-12-01', 62.80),
(277, 5, 1, '2025-12-01', 152.40),
(278, 5, 2, '2025-12-01', 11.70),
(279, 5, 3, '2025-12-01', 88.50),
(280, 6, 1, '2025-12-01', 140.80),
(281, 6, 2, '2025-12-01', 12.70),
(282, 6, 3, '2025-12-01', 116.93),
(283, 7, 1, '2025-12-01', 43.60),
(284, 7, 2, '2025-12-01', 5.50),
(285, 7, 3, '2025-12-01', 50.80),
(286, 8, 1, '2025-12-01', 97.80),
(287, 8, 2, '2025-12-01', 8.40),
(288, 8, 3, '2025-12-01', 103.20),
(289, 1, 1, '2026-01-01', 168.30),
(290, 1, 2, '2026-01-01', 14.20),
(291, 1, 3, '2026-01-01', 200.45),
(292, 2, 1, '2026-01-01', 115.70),
(293, 2, 2, '2026-01-01', 10.60),
(294, 2, 3, '2026-01-01', 88.30),
(295, 3, 1, '2026-01-01', 96.80),
(296, 3, 2, '2026-01-01', 9.25),
(297, 3, 3, '2026-01-01', 124.50),
(298, 4, 1, '2026-01-01', 63.20),
(299, 4, 2, '2026-01-01', 16.80),
(300, 4, 3, '2026-01-01', 68.50),
(301, 5, 1, '2026-01-01', 163.90),
(302, 5, 2, '2026-01-01', 12.80),
(303, 5, 3, '2026-01-01', 96.40),
(304, 6, 1, '2026-01-01', 150.30),
(305, 6, 2, '2026-01-01', 13.80),
(306, 6, 3, '2026-01-01', 125.67),
(307, 7, 1, '2026-01-01', 48.90),
(308, 7, 2, '2026-01-01', 6.20),
(309, 7, 3, '2026-01-01', 55.70),
(310, 8, 1, '2026-01-01', 103.60),
(311, 8, 2, '2026-01-01', 8.90),
(312, 8, 3, '2026-01-01', 109.75),
(313, 1, 1, '2026-02-01', 172.50),
(314, 1, 2, '2026-02-01', 14.60),
(315, 1, 3, '2026-02-01', 204.80),
(316, 2, 1, '2026-02-01', 119.40),
(317, 2, 2, '2026-02-01', 10.95),
(318, 2, 3, '2026-02-01', 91.60),
(319, 3, 1, '2026-02-01', 99.40),
(320, 3, 2, '2026-02-01', 9.55),
(321, 3, 3, '2026-02-01', 127.30),
(322, 4, 1, '2026-02-01', 65.70),
(323, 4, 2, '2026-02-01', 17.20),
(324, 4, 3, '2026-02-01', 70.90),
(325, 5, 1, '2026-02-01', 168.50),
(326, 5, 2, '2026-02-01', 13.20),
(327, 5, 3, '2026-02-01', 99.70),
(328, 6, 1, '2026-02-01', 156.40),
(329, 6, 2, '2026-02-01', 14.25),
(330, 6, 3, '2026-02-01', 130.88),
(331, 7, 1, '2026-02-01', 50.40),
(332, 7, 2, '2026-02-01', 6.45),
(333, 7, 3, '2026-02-01', 57.30),
(334, 8, 1, '2026-02-01', 109.30),
(335, 8, 2, '2026-02-01', 9.30),
(336, 8, 3, '2026-02-01', 115.80);

--
-- Déchargement des données de la table `ressource`
--

INSERT INTO `ressource` (`res_id`, `nom`, `unite`) VALUES
(1, 'Stockage', 'Go'),
(2, 'CPU', 'vCPU'),
(3, 'Réseau', 'Go');
COMMIT;

/*!40101 SET CHARACTER_SET_CLIENT=@OLD_CHARACTER_SET_CLIENT */;
/*!40101 SET CHARACTER_SET_RESULTS=@OLD_CHARACTER_SET_RESULTS */;
/*!40101 SET COLLATION_CONNECTION=@OLD_COLLATION_CONNECTION */;
